{"cameraMode":{"drawMode":0,"name":"Shaded","section":"Shading Mode"},"sceneLighting":false,"audioPlay":false,"sceneViewState":{"m_AlwaysRefresh":false,"showFog":true,"showSkybox":false,"showFlares":true,"showImageEffects":true,"showParticleSystems":true,"showVisualEffectGraphs":true,"m_FxEnabled":true},"in2DMode":false,"pivot":{"x":-0.5115911364555359,"y":2.474195718765259,"z":-2.800450325012207},"rotation":{"x":0.09316740185022354,"y":-0.018167490139603616,"z":0.0017357934266328812,"w":0.9955748319625855},"size":2.015564441680908,"orthographic":false}