{"cameraMode":{"drawMode":0,"name":"Shaded","section":"Shading Mode"},"sceneLighting":true,"audioPlay":false,"sceneViewState":{"m_AlwaysRefresh":false,"showFog":true,"showSkybox":false,"showFlares":true,"showImageEffects":true,"showParticleSystems":true,"showVisualEffectGraphs":true,"m_FxEnabled":true},"in2DMode":false,"pivot":{"x":0.08988050371408463,"y":1.414239525794983,"z":-1.4868099689483643},"rotation":{"x":0.19554387032985688,"y":-0.01497755479067564,"z":0.0029450785368680956,"w":0.9806956052780151},"size":1.0307763814926148,"orthographic":false}