{"cameraMode":{"drawMode":0,"name":"Shaded","section":"Shading Mode"},"sceneLighting":true,"audioPlay":false,"sceneViewState":{"m_AlwaysRefresh":false,"showFog":true,"showSkybox":false,"showFlares":true,"showImageEffects":true,"showParticleSystems":true,"showVisualEffectGraphs":true,"m_FxEnabled":true},"in2DMode":false,"pivot":{"x":-0.13500022888183595,"y":3.4734997749328615,"z":111.99700164794922},"rotation":{"x":-0.17180734872817994,"y":0.042185619473457339,"z":-0.007324184291064739,"w":-0.9842702746391296},"size":79.23560333251953,"orthographic":false}