{"cameraMode":{"drawMode":0,"name":"Shaded","section":"Shading Mode"},"sceneLighting":false,"audioPlay":false,"sceneViewState":{"m_AlwaysRefresh":false,"showFog":false,"showSkybox":false,"showFlares":false,"showImageEffects":false,"showParticleSystems":false,"showVisualEffectGraphs":true,"m_FxEnabled":true},"in2DMode":false,"pivot":{"x":0.13998912274837495,"y":0.9242984056472778,"z":0.037635356187820438},"rotation":{"x":-0.22487600147724152,"y":-0.002947080647572875,"z":0.0007109809084795415,"w":-0.9744199514389038},"size":1.5417635440826417,"orthographic":false}