{"cameraMode":{"drawMode":0,"name":"Shaded","section":"Shading Mode"},"sceneLighting":false,"audioPlay":false,"sceneViewState":{"m_AlwaysRefresh":false,"showFog":true,"showSkybox":false,"showFlares":true,"showImageEffects":true,"showParticleSystems":true,"showVisualEffectGraphs":true,"m_FxEnabled":true},"in2DMode":false,"pivot":{"x":0.48555856943130495,"y":1.5223959684371949,"z":-1.725043535232544},"rotation":{"x":0.011678498238325119,"y":-0.056101955473423007,"z":-0.0005240883911028504,"w":-0.9984977841377258},"size":0.9613438844680786,"orthographic":false}