{"cameraMode":{"drawMode":0,"name":"Shaded","section":"Shading Mode"},"sceneLighting":true,"audioPlay":false,"sceneViewState":{"m_AlwaysRefresh":false,"showFog":true,"showSkybox":false,"showFlares":true,"showImageEffects":true,"showParticleSystems":true,"showVisualEffectGraphs":true,"m_FxEnabled":true},"in2DMode":false,"pivot":{"x":0.4369997978210449,"y":0.7049999237060547,"z":0.1230001449584961},"rotation":{"x":0.4687487781047821,"y":0.0023025674745440485,"z":-0.0014790087006986142,"w":0.8834649920463562},"size":12.12435531616211,"orthographic":false}